{
	"pattrstorage" : 	{
		"name" : "u339002299",
		"slots" : 		{
			"1" : 			{
				"id" : 1,
				"data" : 				{
					"filter1" : [ 1, 0, 6, 1, 0, 0, 83.330803000000003, 0.250358, 1.803528 ],
					"filter2" : [ 1, 0, 7, 1, 0, 0, 3019.730712999999923, 1.54746, 1.0 ],
					"filter3" : [ 1, 0, 5, 1, 0, 0, 1357.662597999999889, 1.0, 0.514331 ],
					"filter4" : [ 1, 0, 5, 1, 0, 0, 3736.886719000000085, 1.419123, 2.5 ],
					"filter5" : [ 1, 0, 5, 1, 0, 0, 1220.328246999999919, 1.687392, 2.5 ],
					"filter6" : [ 1, 0, 5, 1, 0, 0, 338.618682999999976, 0.596699, 2.5 ]
				}

			}

		}

	}

}
